{
  "project_info": {
    "project_number": "432544217758",
    "project_id": "fir-android-989b6",
    "storage_bucket": "fir-android-989b6.appspot.com"
  },
  "client": [
    {
      "client_info": {
        "mobilesdk_app_id": "1:432544217758:android:a922b2f9c9c94f03ced98f",
        "android_client_info": {
          "package_name": "com.example.a3"
        }
      },
      "oauth_client": [
        {
          "client_id": "432544217758-gcqmogq8b9r3gd4hd3cl5s4nea4q0a7j.apps.googleusercontent.com",
          "client_type": 3
        }
      ],
      "api_key": [
        {
          "current_key": "AIzaSyBRGEHr_A4I4dZ8IXgIO8HelWNgHwxVqME"
        }
      ],
      "services": {
        "appinvite_service": {
          "other_platform_oauth_client": [
            {
              "client_id": "432544217758-gcqmogq8b9r3gd4hd3cl5s4nea4q0a7j.apps.googleusercontent.com",
              "client_type": 3
            }
          ]
        }
      }
    },
    {
      "client_info": {
        "mobilesdk_app_id": "1:432544217758:android:a8716c8e42293096ced98f",
        "android_client_info": {
          "package_name": "com.example.assignment3"
        }
      },
      "oauth_client": [
        {
          "client_id": "432544217758-gcqmogq8b9r3gd4hd3cl5s4nea4q0a7j.apps.googleusercontent.com",
          "client_type": 3
        }
      ],
      "api_key": [
        {
          "current_key": "AIzaSyBRGEHr_A4I4dZ8IXgIO8HelWNgHwxVqME"
        }
      ],
      "services": {
        "appinvite_service": {
          "other_platform_oauth_client": [
            {
              "client_id": "432544217758-gcqmogq8b9r3gd4hd3cl5s4nea4q0a7j.apps.googleusercontent.com",
              "client_type": 3
            }
          ]
        }
      }
    },
    {
      "client_info": {
        "mobilesdk_app_id": "1:432544217758:android:642269c15a2bb6f2ced98f",
        "android_client_info": {
          "package_name": "com.example.firebase"
        }
      },
      "oauth_client": [
        {
          "client_id": "432544217758-9f2oeoqhe0vdtkg4qi1j4pp90k1qj3h7.apps.googleusercontent.com",
          "client_type": 1,
          "android_info": {
            "package_name": "com.example.firebase",
            "certificate_hash": "6afee59057b724208800c724530b572e1f0408a9"
          }
        },
        {
          "client_id": "432544217758-gcqmogq8b9r3gd4hd3cl5s4nea4q0a7j.apps.googleusercontent.com",
          "client_type": 3
        }
      ],
      "api_key": [
        {
          "current_key": "AIzaSyBRGEHr_A4I4dZ8IXgIO8HelWNgHwxVqME"
        }
      ],
      "services": {
        "appinvite_service": {
          "other_platform_oauth_client": [
            {
              "client_id": "432544217758-gcqmogq8b9r3gd4hd3cl5s4nea4q0a7j.apps.googleusercontent.com",
              "client_type": 3
            }
          ]
        }
      }
    }
  ],
  "configuration_version": "1"
}